crop,land_size_acres,expected_yield_per_acre,market_price_per_ton,total_cost,net_profit
Groundnut,3.88,2.24,26876,26285,207299.69
Groundnut,4.11,2.94,17613,24755,188069.92
Rice,3.52,2.0,25711,46823,134182.44
Maize,3.06,2.76,20896,46807,129672.26
Soybean,4.94,3.14,27439,57168,368454.79
Maize,1.66,3.18,29841,42351,115173.67
Wheat,3.02,1.8,46288,75965,175656.57
Soybean,2.16,1.76,39236,63748,85411.58
Cotton,2.03,2.98,56593,54670,287683.69
Cotton,1.53,2.29,43660,62593,90378.54
Rice,3.69,1.9,28253,22262,175819.78
Cotton,3.51,1.54,47015,34932,219202.88
Soybean,1.47,1.6,39300,30292,62141.6
Maize,4.42,1.52,31575,33412,178721.48
Groundnut,3.05,3.37,33310,78417,263959.83
Cotton,2.11,2.83,26006,42085,113204.63
Wheat,2.24,2.63,32896,20235,173561.92
Rice,1.34,3.48,57397,60717,206936.69
Groundnut,1.05,3.27,35296,51159,70029.82
Groundnut,3.79,3.06,19763,48625,180574.42
Cotton,2.34,2.44,36072,70470,135486.69
Wheat,4.74,3.14,16493,28764,216711.21
Rice,2.19,2.91,39223,60134,189830.26
Cotton,2.78,1.57,18279,67384,12396.52
Cotton,2.53,2.37,54166,79432,245352.75
Rice,2.54,1.75,39529,21371,154335.4
Soybean,1.62,1.98,51115,22641,141315.47
Wheat,4.23,2.19,18093,37818,129790.12
Maize,3.69,1.51,20514,65572,48729.96
Wheat,1.45,2.55,58541,41328,175127.35
Soybean,4.3,1.98,42866,76822,288139.12
Rice,2.04,1.62,22111,24287,48785.43
Groundnut,4.64,3.07,15994,53871,173960.33
Cotton,4.39,2.19,46466,42645,404083.77
Maize,1.66,1.91,31880,22847,78231.73
Cotton,1.61,2.89,34162,49527,109425.37
Groundnut,1.61,1.71,44743,39348,83833.95
Soybean,2.3,2.45,55571,67458,245684.58
Wheat,3.82,1.69,46377,37016,262384.64
Wheat,4.21,2.12,20920,41225,145490.18
Wheat,4.1,2.71,54986,55034,555915.45
Groundnut,4.84,1.67,34983,57857,224903.59
Soybean,2.0,1.86,52760,27880,168387.2
Groundnut,2.49,2.2,21579,28847,89362.76
Groundnut,1.86,2.59,30239,52543,93130.36
Cotton,1.26,2.52,52600,32466,134549.52
Soybean,2.9,1.71,24829,34911,88216.01
Maize,1.25,2.56,34747,58694,52496.4
Maize,3.72,2.52,48080,74728,375993.15
Maize,3.5,3.33,49397,37494,538228.04
Maize,2.48,1.92,51855,22095,224817.77
Sugarcane,3.49,2.34,42863,28216,321828.98
Sugarcane,1.43,2.89,32333,68426,65196.59
Maize,2.78,2.5,26987,33305,154254.65
Sugarcane,2.41,2.71,44000,20445,266923.4
Wheat,4.02,3.26,48322,34094,599175.47
Wheat,2.53,2.54,21605,42661,96177.05
Maize,2.17,1.76,45517,44785,129053.53
Soybean,3.12,1.72,38603,23386,183773.14
Sugarcane,3.6,1.54,29100,76626,84704.4
Groundnut,3.99,1.89,49291,58276,313432.36
Soybean,3.8,2.46,37983,32396,322669.08
Rice,3.28,2.34,42078,63641,259316.07
Soybean,3.49,1.99,38917,71091,199191.46
Cotton,3.34,2.04,19167,20015,110581.27
Cotton,4.53,1.91,58981,58396,451925.31
Groundnut,4.47,1.77,18291,67087,77629.56
Soybean,2.03,2.85,41371,65433,173918.92
Groundnut,2.94,2.05,33809,41208,162558.84
Rice,1.21,2.71,47277,45656,109370.01
Rice,2.77,2.86,27470,35339,182283.83
Sugarcane,1.93,3.37,57737,50069,325458.22
Groundnut,3.04,2.69,30227,70670,176514.32
Maize,1.75,2.81,57966,62961,222086.81
Wheat,2.53,2.21,30616,65335,105848.24
Maize,1.68,2.82,47614,47027,178549.09
Groundnut,3.38,2.4,34798,47886,234395.38
Soybean,4.86,1.9,49075,56649,396509.55
Wheat,1.63,2.24,16367,28064,31695.19
Groundnut,1.5,1.59,42318,52132,48796.43
Rice,4.13,1.8,50176,37223,335785.38
Rice,2.93,2.08,22336,60454,75670.52
Groundnut,1.14,1.72,25644,43696,6586.76
Maize,3.28,2.44,59872,55827,423340.59
Maize,4.79,2.5,51397,70663,544816.07
Cotton,2.62,2.02,47470,73278,177952.23
Cotton,1.05,1.81,53776,79772,22429.29
Sugarcane,2.51,2.79,56002,67295,324881.41
Groundnut,2.41,3.46,57218,28618,448500.01
Maize,2.56,2.84,40027,32076,258936.3
Groundnut,1.05,2.75,29018,44388,39401.48
Cotton,2.1,2.66,29966,54943,112447.08
Maize,4.89,1.92,22965,72825,142788.79
Cotton,2.99,2.41,25400,52427,130602.86
Maize,3.11,1.57,51277,35499,214871.21
Soybean,2.46,2.56,56786,35041,322574.51
Rice,4.95,2.77,56381,53314,719754.08
Sugarcane,3.11,2.34,15824,65257,49900.58
Groundnut,2.76,2.58,52176,22974,348560.86
Maize,1.75,2.75,25474,73833,48760.62
Groundnut,3.51,2.96,37579,51364,339066.78
Cotton,4.6,1.71,16605,72730,57884.93
Groundnut,4.26,2.1,40583,37335,325720.52
Wheat,2.45,2.03,20122,20091,79985.77
Maize,4.09,2.58,23858,21190,230564.39
Wheat,3.88,2.16,58073,73007,413691.2
Groundnut,4.95,2.41,24860,71454,225113.37
Groundnut,1.11,1.55,25275,31137,12348.64
Groundnut,3.01,2.24,53777,79002,283584.04
Groundnut,1.98,2.45,49634,39614,201160.53
Cotton,4.39,2.35,18176,51808,135704.7
Wheat,3.32,1.8,43270,34593,223988.52
Cotton,2.15,2.58,58430,23754,300357.21
Wheat,2.29,3.49,31814,24960,229300.67
Soybean,1.1,1.64,38991,60795,9544.76
Sugarcane,1.21,1.51,48986,78784,10718.32
Groundnut,1.8,3.08,49726,56584,219096.94
Rice,2.64,1.97,44094,27515,201809.08
Rice,3.19,2.73,27894,59948,182972.48
Groundnut,2.94,3.0,19885,53231,122154.7
Groundnut,3.4,3.41,16154,34817,152472.48
Cotton,4.24,1.98,57229,36478,443970.9
Cotton,2.74,1.99,25209,74176,63278.59
Groundnut,2.71,1.85,28363,74551,67646.9
Maize,1.73,2.28,26055,50572,52199.34
Cotton,1.07,2.02,27019,33269,25129.87
Rice,4.22,1.93,29787,70230,172373.2
Cotton,4.7,2.54,21228,44826,208593.86
Rice,1.25,3.26,35355,38232,105839.62
Soybean,1.63,2.64,15473,21273,45310.41
Soybean,1.56,1.59,46003,56549,57556.84
Sugarcane,1.17,2.22,18223,65010,-17677.58
Soybean,3.44,3.23,59122,54281,602635.37
Cotton,1.92,2.6,59186,55157,240299.51
Soybean,3.51,2.3,27844,43899,180885.61
Cotton,3.1,2.53,30181,68080,168629.58
Soybean,4.78,2.58,39016,72731,408429.92
Soybean,1.71,3.13,44369,52126,185350.2
Rice,1.98,2.38,33854,72547,86986.59
Rice,3.43,1.71,48120,48120,234118.24
Maize,4.94,2.91,44266,34758,601583.46
Sugarcane,2.12,2.19,30081,67292,72368.07
Wheat,1.12,3.21,46922,28532,140161.97
Sugarcane,1.98,1.77,16937,35049,24308.41
Sugarcane,1.3,3.1,16674,61038,6158.22
Cotton,2.52,1.51,28364,67874,40056.69
Groundnut,2.58,2.75,22419,30309,128753.81
Wheat,1.03,1.87,43278,49194,34163.76
Rice,4.59,3.48,37409,52121,545420.44
Groundnut,3.5,3.44,51078,45173,569806.12
Soybean,3.97,3.05,21469,37071,222886.39
Groundnut,2.87,2.78,25991,54622,152749.79
Rice,2.35,3.3,37995,31352,263299.22
Soybean,1.83,2.44,18693,71730,11737.98
Sugarcane,1.07,2.75,39756,31641,85341.03
Maize,4.48,3.21,49861,58049,658992.07
Cotton,2.15,3.38,17376,25766,100505.39
Wheat,4.14,3.29,46842,73668,564348.15
Wheat,4.5,1.83,40762,51315,284360.07
Rice,4.79,2.49,39249,39418,428708.75
Groundnut,1.08,2.04,41181,74048,16681.98
Cotton,4.73,1.78,39920,72819,263283.45
Rice,4.15,1.62,50848,56302,285549.1
Maize,1.68,1.54,34888,27257,63005.23
Wheat,2.09,2.61,23527,26675,101662.43
Wheat,2.05,1.94,41034,23346,139846.22
Sugarcane,4.63,1.89,27239,51249,187111.32
Groundnut,3.79,2.11,55650,65740,379287.48
Maize,2.35,2.88,48663,34599,294752.18
Soybean,4.68,3.37,26641,28097,392074.2
Groundnut,1.8,3.39,34244,61675,147281.89
Cotton,1.81,3.01,40050,79477,138719.4
Sugarcane,3.41,1.98,25293,39645,131128.28
Groundnut,3.03,3.42,49898,71912,445161.01
Groundnut,4.45,2.31,35323,75648,287454.78
Maize,1.28,1.7,18200,51684,-12080.8
Cotton,2.08,2.72,26623,65363,85259.28
Maize,1.91,2.47,16163,59112,17140.19
Maize,3.88,2.04,19790,34407,122234.81
Cotton,1.58,3.29,52923,47795,227309.34
Sugarcane,3.98,3.12,43381,70169,468518.91
Cotton,3.95,2.88,50736,21544,555628.74
Cotton,1.37,3.49,26299,76675,49068.41
Rice,1.87,2.53,37153,28626,147148.56
Sugarcane,4.51,2.18,18864,58460,127007.08
Groundnut,1.66,2.65,35656,29204,127646.74
Wheat,1.56,2.74,21891,69127,24443.89
Cotton,3.35,3.03,56015,61786,506794.26
Maize,1.09,1.9,54282,70151,42267.02
Sugarcane,3.83,1.97,37382,60190,221860.93
Maize,1.59,2.01,33233,33723,72486.34
Soybean,1.97,3.29,40571,52747,210205.82
Sugarcane,4.4,2.68,47811,45611,518176.31
Cotton,2.9,3.29,29818,20304,264189.54
Cotton,4.58,2.81,23626,78979,225082.89
Maize,4.09,1.85,24335,42135,141995.78
Cotton,1.73,1.55,46089,30976,92611.65
Wheat,1.22,2.41,34150,25637,74770.83
Soybean,1.17,3.28,22119,73467,11416.87
Soybean,3.4,3.38,34993,55583,346556.56
Soybean,2.62,1.86,48563,23826,212831.21
Groundnut,2.64,2.19,43893,25301,228470.77
Soybean,4.35,2.07,32495,27227,265374.23
Wheat,1.12,2.5,17864,73550,-23530.8
Rice,3.11,1.74,40937,41273,180253.48
Maize,3.4,2.64,51228,76905,382917.53
Rice,3.62,2.25,15712,44141,83833.24
Sugarcane,1.47,2.25,29480,39017,58488.1
Maize,3.91,3.11,22473,61447,211826.93
Sugarcane,3.48,2.69,28067,74878,187862.8
Sugarcane,4.13,1.95,32639,72159,190699.19
Cotton,2.63,2.81,35056,69628,189446.36
Soybean,2.0,2.91,59350,71180,274237.0
Cotton,3.86,2.37,25082,71312,158143.15
Maize,4.2,2.39,34258,72294,271587.8
Groundnut,1.81,1.62,44731,34345,96815.24
Soybean,3.01,1.6,35413,78573,91976.01
Soybean,1.12,2.78,43234,65243,69370.38
Wheat,1.06,2.67,24846,20116,50203.15
Cotton,4.09,2.52,23550,63055,179670.14
Groundnut,3.07,3.26,21436,40124,174411.78
Rice,1.29,2.19,50336,52939,89265.23
Maize,1.28,2.59,48651,58339,102948.8
Wheat,2.54,3.36,22836,30449,164442.56
Sugarcane,3.03,3.24,44623,63253,374819.92
Groundnut,4.3,2.59,22052,58296,187297.12
Sugarcane,3.71,2.0,37483,26995,251128.86
Sugarcane,1.58,1.63,59371,46941,105963.07
Wheat,3.87,1.8,51780,75276,285423.48
Soybean,4.58,2.06,57567,24771,518362.13
Sugarcane,3.15,2.28,35991,42137,216350.36
Maize,1.9,1.91,17684,50385,13790.24
Groundnut,1.11,3.02,27341,34782,56870.5
Soybean,2.63,2.98,32181,79524,172691.37
Maize,1.46,1.8,57869,59803,92276.73
Wheat,4.02,2.27,19382,35260,141608.5
Cotton,4.59,1.91,16971,42527,106256.06
Cotton,1.62,3.0,55469,48990,220589.34
Groundnut,2.94,3.18,32992,47358,261090.81
Rice,1.84,3.44,33969,75535,139475.18
Cotton,2.71,1.76,27997,72595,60939.49
Maize,1.71,2.18,26342,26375,71822.71
Cotton,2.73,3.11,18329,21755,133863.71
Groundnut,3.7,2.29,45448,31129,353951.9
Maize,3.07,2.57,51167,42337,361365.51
Soybean,2.95,3.24,55381,24649,504682.6
Cotton,4.35,2.59,54276,51101,560399.55
Soybean,4.67,2.52,41424,46748,440746.2
Soybean,4.37,3.31,16578,63159,176636.8
Maize,4.32,2.51,26665,29411,259722.93
Cotton,4.28,1.52,18845,55607,66991.03
Maize,1.37,2.99,39992,24529,139290.23
Wheat,2.51,3.25,36003,62143,231551.47
Sugarcane,4.36,1.78,22769,75143,101562.66
Sugarcane,3.5,3.36,53896,43432,590384.96
Rice,3.17,3.17,57940,76910,505323.27
Sugarcane,1.53,1.57,48105,42555,72998.02
Maize,3.33,1.91,33381,73543,138770.17
Rice,2.57,2.93,49307,50602,320684.64
Soybean,1.68,3.09,59579,33468,275818.5
Cotton,3.13,2.68,37857,39235,278324.66
Groundnut,2.76,2.56,53432,76664,300865.14
Sugarcane,4.28,2.11,29191,66694,196924.08
Groundnut,4.31,2.99,27257,62221,289037.23
Groundnut,2.26,1.95,23769,37907,66842.98
Sugarcane,3.35,2.89,38928,54584,322297.43
Maize,2.1,2.48,38180,65059,133782.44
Sugarcane,1.35,2.86,40015,34548,119949.92
Groundnut,3.44,3.43,36119,58534,367641.3
Wheat,2.73,2.98,15950,73545,56214.63
Soybean,1.99,2.61,40061,25008,183064.83
Maize,4.24,2.06,34145,67393,230843.09
Soybean,2.21,2.66,49408,72513,217936.87
Maize,2.13,2.06,31297,64344,72980.98
Maize,1.27,1.93,59844,47850,98833.63
Soybean,3.46,2.41,37040,31355,277506.74
Sugarcane,1.85,3.01,31395,36646,138177.06
Rice,2.37,3.26,55721,22305,408206.59
Sugarcane,3.68,2.23,57186,36668,432623.19
Cotton,4.18,3.21,35544,32725,444197.28
Soybean,1.14,1.81,16192,26188,7222.57
Soybean,3.42,3.17,53147,75147,501040.89
Wheat,3.64,1.67,51665,26308,287753.2
Rice,2.19,2.11,50555,31704,201905.6
Wheat,1.63,2.72,41728,75611,109394.26
Wheat,2.15,2.36,40283,41808,162587.94
Maize,2.21,1.99,25423,57467,54340.81
Cotton,2.99,1.71,32164,32035,132416.32
Groundnut,3.69,2.78,47059,46809,435931.63
Maize,1.22,3.45,33409,57375,83243.48
Soybean,3.33,3.26,49158,74954,458695.42
Groundnut,1.48,1.96,40158,24456,92034.33
Sugarcane,4.26,3.28,15334,73581,140677.92
Rice,3.43,2.79,32627,77452,234778.6
Soybean,4.94,2.53,47930,51633,547405.73
Groundnut,2.62,1.86,52309,65017,189895.22
Wheat,1.16,3.2,47606,67163,109550.47
Rice,2.79,1.72,43020,57785,148659.38
Maize,3.5,3.43,59774,67231,650355.87
Groundnut,2.47,2.66,53900,40109,314024.78
Maize,1.39,1.89,33308,30750,56753.45
Groundnut,1.05,2.95,29699,76714,15278.65
Cotton,2.49,3.15,31029,60623,182752.96
Sugarcane,4.48,1.65,30094,28458,193996.85
Soybean,4.94,2.07,46393,64793,409612.54
Cotton,1.99,3.26,17194,58471,53073.36
Maize,3.36,1.62,41693,76014,150929.34
Soybean,4.17,3.39,40879,57312,520565.81
Wheat,2.95,2.07,45086,35770,239547.66
Groundnut,2.17,3.4,39624,36357,255988.87
Rice,1.31,1.98,43749,63261,50215.16
Cotton,3.19,2.88,39630,76245,287843.74
Wheat,3.03,2.13,38206,31817,214760.7
Wheat,2.84,3.04,18447,79863,79401.02
Wheat,1.09,3.39,28761,39139,67135.77
Soybean,3.24,2.95,35111,59230,276360.94
Cotton,3.24,3.42,58726,45901,604830.06
Cotton,3.9,2.54,20438,43395,159063.83
Groundnut,1.29,1.76,15543,34037,1251.83
Cotton,3.32,1.83,32267,22093,173948.39
Rice,2.67,2.55,45355,46045,262754.52
Wheat,2.8,1.61,15558,64819,5316.46
Groundnut,1.29,2.71,38544,64870,69875.97
Wheat,3.45,1.8,47114,65712,226865.94
Rice,1.02,1.73,17577,68894,-37877.63
Cotton,4.26,2.54,16155,43794,131009.56
Sugarcane,4.6,2.03,26595,58298,190046.11
Soybean,3.54,3.12,47815,75691,452416.11
Wheat,4.21,3.42,29447,44431,379552.8
Soybean,3.46,1.61,18137,22850,78183.97
Cotton,3.27,3.24,52010,79970,471065.55
Groundnut,4.8,3.47,45279,56322,697845.02
Cotton,3.11,3.49,58237,72446,559652.57
Rice,4.74,3.03,57532,49003,777283.09
Maize,2.43,3.2,47354,23432,344792.7
Rice,2.18,1.57,43705,48123,101461.73
Maize,3.74,2.71,53817,33437,512019.82
Rice,2.48,2.17,19726,29470,76687.44
Sugarcane,1.58,2.95,46915,30741,187929.82
Rice,4.27,3.26,20920,29090,262120.58
Sugarcane,1.5,2.63,52714,72973,134983.73
Soybean,2.58,3.38,21100,79637,104363.44
Rice,3.43,2.97,53868,57384,491374.7
Cotton,1.51,2.8,47700,68931,132744.6
Maize,3.01,1.64,22771,49416,62990.76
Sugarcane,4.78,3.38,40595,41652,614217.06
Sugarcane,1.17,2.43,53440,43739,108196.26
Rice,3.52,2.87,31771,62682,258281.35
Soybean,3.09,2.09,56798,71601,295206.16
Groundnut,4.39,1.66,26324,46196,145637.52
Maize,3.54,2.43,18878,48019,114373.33
Sugarcane,3.85,2.39,27169,27261,222734.55
Wheat,3.17,2.35,55197,74790,336400.05
Soybean,3.49,1.73,41086,37223,210841.94
Cotton,3.28,3.36,52383,23195,554107.57
Rice,2.85,3.08,25701,35637,189966.38
Cotton,4.75,3.04,57796,54732,779842.24
Rice,2.34,3.25,35602,68125,202628.21
Wheat,3.48,3.28,15323,75067,99835.85
Rice,3.07,1.66,42070,23139,191258.13
Groundnut,1.94,1.69,28461,26706,66606.23
Wheat,1.11,3.12,27238,64446,29884.64
Rice,3.53,2.28,54906,61292,380613.45
Cotton,1.92,2.43,24018,37782,74276.38
Soybean,4.55,2.36,27683,21647,275613.05
Wheat,4.27,2.63,49148,54211,497725.95
Cotton,2.35,1.73,58652,40057,198392.71
Sugarcane,4.13,2.84,32579,54218,327907.61
Rice,2.54,1.98,46155,77086,155036.73
Cotton,1.67,2.9,52706,62899,192356.16
Sugarcane,2.6,1.8,52164,77005,167122.52
Wheat,3.83,2.17,22980,69246,121743.08
Groundnut,4.21,3.31,45339,68649,563154.5
Wheat,3.96,2.72,22105,69720,168377.38
Sugarcane,2.74,3.2,38478,26133,311242.1
Groundnut,2.24,2.81,17226,25581,82846.33
Groundnut,4.49,2.04,56351,72296,443856.62
Rice,3.43,1.68,48692,73185,207397.78
Wheat,2.37,2.38,19058,71855,35643.55
Wheat,2.69,2.69,57740,50050,367762.41
Wheat,2.38,1.6,42972,68051,95586.38
Wheat,4.69,2.09,49005,29297,451054.91
Wheat,3.88,2.43,48280,52290,402913.15
Sugarcane,4.27,3.08,53309,56881,644217.64
Cotton,1.99,1.81,41353,20047,128902.37
Sugarcane,1.63,3.12,22476,74554,39749.95
Cotton,2.33,2.91,45086,26655,279041.61
Sugarcane,2.36,3.23,44549,29125,310463.12
Groundnut,3.43,1.86,43983,33406,247196.74
Sugarcane,2.3,2.39,52732,78961,210906.8
Groundnut,1.87,1.86,36088,40192,85329.28
Cotton,2.76,2.0,47598,69852,192888.96
Rice,4.65,2.47,34291,42970,350879.28
Groundnut,2.82,3.3,58017,62369,477537.2
Soybean,4.97,3.1,30522,34514,435738.45
Soybean,1.54,2.54,24056,45429,48668.45
Maize,4.69,2.83,29745,32402,362394.46
Rice,1.03,1.64,16086,29523,-2350.53
Cotton,3.82,2.12,37353,62834,239665.54
Rice,4.99,2.1,39092,64996,344649.07
Wheat,3.54,2.25,53947,62948,366739.85
Rice,1.79,3.31,38288,76138,150714.57
Rice,2.79,1.99,19904,58164,52345.0
Soybean,1.75,2.45,19789,66902,17943.34
Rice,2.35,1.98,59860,29832,248696.58
Wheat,4.47,1.77,36214,76007,210514.55
Cotton,1.92,2.26,16011,23387,46087.93
Rice,4.1,2.66,18304,59610,140013.42
Maize,1.48,2.07,17309,74521,-21493.15
Cotton,2.44,2.67,53471,55773,292579.87
Sugarcane,4.64,2.62,17615,20356,193786.03
Soybean,2.88,3.27,21106,49770,148997.87
Groundnut,4.5,1.91,57584,76153,418781.48
Rice,2.61,1.76,59708,46633,227641.67
Rice,1.24,2.78,47215,74995,87764.55
Groundnut,4.78,3.19,35458,24825,515845.68
Soybean,4.99,3.14,34866,28795,517506.41
Maize,1.46,2.09,15798,76963,-28756.98
Maize,4.97,3.2,23710,75379,301704.84
Groundnut,3.71,1.63,53742,56854,268140.0
Rice,2.23,2.23,46601,45870,185872.11
Wheat,3.5,1.78,53567,21467,312255.41
Maize,1.66,2.77,20756,64709,30731.24
Sugarcane,3.7,3.43,39182,60743,436515.76
Groundnut,3.66,3.41,34421,51323,378271.73
Soybean,2.49,1.61,49424,40273,157862.87
Groundnut,1.8,3.27,21727,33631,94254.12
Maize,3.89,1.96,55071,51172,368711.33
Sugarcane,4.79,2.68,54733,51602,651016.47
Cotton,2.62,2.15,32398,50480,132017.93
Maize,2.58,2.23,25436,75545,70798.48
Cotton,3.34,3.3,22939,44706,208127.66
Soybean,4.87,3.28,45382,47982,676931.92
Rice,1.43,2.75,20383,70157,9999.15
Sugarcane,2.6,2.76,38596,78918,198046.9
Maize,3.89,2.06,25680,43691,162093.11
Groundnut,2.07,1.73,37608,39500,95178.01
Cotton,1.1,3.48,32699,32901,92270.77
Sugarcane,3.23,3.33,54422,47387,537970.59
Rice,4.88,3.17,33802,64495,458408.42
Rice,1.19,1.96,43194,32224,68521.69
Soybean,4.11,2.0,31159,70567,185559.98
Maize,4.62,3.49,44150,47936,663929.77
Cotton,1.64,1.73,28548,65757,15239.39
Rice,4.71,2.72,50706,68706,580898.71
Wheat,3.33,3.39,16799,52823,136815.87
Sugarcane,3.04,2.47,21176,39487,119519.35
Groundnut,4.57,2.34,17442,69478,117043.26
Wheat,2.67,1.6,44547,22359,167945.78
Wheat,4.85,1.94,24492,65412,165033.23
Cotton,2.83,2.48,41631,41090,251093.01
Wheat,4.78,2.03,21349,43164,163993.89
Maize,1.32,2.62,16379,77719,-21073.87
Soybean,2.04,2.43,39472,30258,165412.6
Wheat,2.46,2.25,34512,41837,149186.92
Sugarcane,1.39,1.61,28605,56732,7283.13
Groundnut,1.73,2.23,49984,73457,119376.27
Wheat,4.59,3.27,52804,23025,769526.08
Rice,4.58,3.1,33430,59760,414879.14
Sugarcane,4.13,2.47,43866,76650,370831.45
Wheat,2.25,1.69,43435,69332,95829.59
Cotton,1.27,1.73,49456,37499,71160.78
Maize,3.25,3.08,33531,54535,281110.31
Groundnut,2.09,2.34,16327,37902,41946.83
Groundnut,1.15,2.69,20813,23580,40805.02
Groundnut,3.46,2.59,39888,24054,333398.32
Maize,4.96,3.44,48906,21442,813011.73
Groundnut,1.31,2.62,16699,38142,19172.31
Sugarcane,4.96,2.88,46638,50176,616038.5
Soybean,1.2,2.62,17172,25824,28164.77
Soybean,2.7,1.61,19386,35194,49076.94
Wheat,4.69,3.11,17481,22979,231997.12
Maize,2.25,2.61,49030,49063,238865.67
Maize,4.05,2.25,20796,72982,116521.55
Sugarcane,1.0,3.25,36503,65673,52961.75
Rice,1.35,2.95,49064,24321,171076.38
Groundnut,1.02,1.86,31163,45741,13381.44
Cotton,3.81,3.29,29385,66045,302293.04
Sugarcane,1.28,3.15,22002,28603,60109.06
Soybean,1.39,2.33,37316,57479,63376.33
Sugarcane,1.5,1.6,28866,54392,14886.4
Rice,1.19,2.28,35558,31619,64856.97
Rice,2.73,1.71,36017,66450,101688.16
Wheat,2.8,1.62,50720,78380,151685.92
Groundnut,2.94,2.67,44362,29689,318543.83
Maize,1.74,1.56,54183,36062,111012.34
Cotton,2.48,3.14,59491,39846,423422.32
Soybean,4.15,2.38,56661,24060,535580.7
Soybean,2.76,1.82,55179,44736,232439.15
Wheat,4.29,3.21,34567,52599,423419.7
Groundnut,3.65,2.18,21546,20125,151316.52
Sugarcane,2.28,2.24,57353,21846,271067.24
Soybean,3.1,3.22,16048,25986,134205.14
Soybean,2.26,3.0,55269,25078,349645.82
Wheat,2.53,2.6,57315,63467,313551.07
Rice,1.83,3.04,50225,21277,258134.72
Groundnut,3.41,2.77,17327,24765,138900.64
Cotton,3.05,3.34,35089,29025,328426.64
Maize,1.05,3.15,45770,24057,127327.27
Rice,1.55,2.94,51571,36303,198706.05
Groundnut,2.6,1.88,23936,21632,95367.17
Sugarcane,3.26,3.43,34389,37212,347318.92
Rice,4.17,2.94,24977,32517,273696.02
Rice,2.36,2.2,17603,27815,63579.78
Cotton,1.1,2.84,37818,65386,52757.43
Maize,1.89,3.41,27170,59412,115695.93
Wheat,4.15,3.18,24208,72762,246710.98
Groundnut,4.24,1.57,33595,53426,170209.2
Sugarcane,3.01,3.02,59068,31908,505031.93
Groundnut,1.9,1.55,40787,70357,49760.71
Rice,4.49,1.85,41892,44983,302992.9
Sugarcane,3.02,2.7,33799,30714,244883.05
Rice,2.15,2.82,31433,68260,122318.28
Wheat,2.38,2.29,30230,61504,103255.55
Rice,3.21,2.67,59412,28450,480752.43
Sugarcane,1.88,1.75,54308,60040,118633.32
Rice,2.13,2.66,43664,29247,218144.49
Soybean,1.02,1.85,32535,58130,3263.55
Wheat,4.33,3.08,41892,52171,506517.47
Sugarcane,1.93,1.79,31612,59250,49959.98
Cotton,4.17,3.25,43136,79229,505371.64
Cotton,2.31,1.99,45619,48542,161163.98
Rice,1.13,2.03,31420,56965,15109.34
Sugarcane,4.16,1.7,17720,29152,96163.84
Rice,1.82,1.72,36414,45482,68508.39
Soybean,4.43,1.72,40158,72096,233891.9
Cotton,4.88,1.53,17184,56074,72228.62
Rice,1.22,1.61,51809,58572,43191.24
Maize,4.43,2.25,57555,60190,513489.46
Rice,1.18,1.82,17580,62505,-24750.19
Rice,2.26,2.47,48072,46409,221938.52
Maize,1.77,2.83,34582,24724,148500.7
Maize,3.39,2.04,30643,75739,136175.73
Wheat,4.35,2.89,32614,64899,345107.9
Maize,2.44,1.98,34875,22009,146479.1
Groundnut,3.63,1.88,23795,68058,94328.6
Groundnut,1.21,2.26,29787,50287,31168.53
Cotton,4.12,2.21,45417,22817,390713.87
Cotton,3.91,2.74,28340,42825,260792.76
Wheat,1.86,2.53,26643,49364,76012.63
Soybean,3.79,1.76,21040,39566,100779.22
Soybean,2.31,3.24,54990,64765,346802.16
Maize,3.35,2.63,39188,79792,265473.87
Maize,1.41,3.11,33498,68737,78155.08
Wheat,2.12,3.42,20538,31940,116968.72
Sugarcane,4.65,3.43,46919,50032,698302.59
Wheat,3.02,1.67,46752,49959,185830.04
Soybean,3.21,2.37,16560,23603,102380.51
Sugarcane,1.53,1.69,37436,30888,65910.27
Maize,4.01,3.12,17267,57866,158164.89
Sugarcane,3.86,2.0,54068,72166,345238.96
Rice,3.57,2.89,30824,59633,258387.46
Wheat,3.89,3.08,20943,23182,227740.27
Rice,3.55,3.39,49856,24076,575916.03
Soybean,2.68,3.09,56084,59910,404532.82
Rice,4.38,2.56,18773,22731,187766.89
Rice,2.35,1.76,53974,32153,191083.46
Maize,2.66,1.64,44168,37456,155222.48
Wheat,4.78,3.39,43788,43590,665959.51
Maize,1.49,1.86,22281,42621,19128.56
Groundnut,1.48,3.44,34065,57509,115922.73
Rice,3.72,1.93,25406,47756,134648.92
Sugarcane,3.36,1.64,59872,52351,277567.67
Cotton,1.84,3.04,48291,63122,206998.54
Soybean,2.16,2.0,57752,38137,211351.64
Rice,4.75,3.03,28960,32489,384317.8
Rice,1.23,1.78,36074,47090,31890.42
Maize,2.7,3.2,58091,47176,454730.24
Sugarcane,1.71,1.97,59881,51924,149797.12
Soybean,3.01,2.68,37497,60722,241758.8
Groundnut,3.5,2.48,25742,42591,180849.56
Soybean,1.32,3.06,27680,60693,51112.06
Soybean,4.28,3.08,15800,36692,171589.92
Cotton,3.25,1.51,22811,49589,62355.98
Soybean,3.34,2.91,53950,42650,481711.63
Maize,3.97,2.52,55539,75786,479848.37
Maize,3.01,2.88,16963,52439,94609.85
Soybean,1.58,2.78,58375,34477,221929.35
Groundnut,4.11,1.7,37343,64424,196491.54
Sugarcane,1.91,2.52,22772,43385,66221.19
Cotton,2.31,2.68,15362,72483,22620.07
Soybean,1.1,2.4,28021,30809,43166.44
Rice,3.06,1.69,28374,74169,72564.3
Groundnut,1.04,1.66,44468,22333,54436.56
Rice,2.39,1.77,37853,41782,118347.55
Soybean,4.1,1.88,17335,70211,63407.18
Groundnut,3.41,2.23,45075,59112,283651.82
Maize,4.54,1.85,24777,24007,184095.02
Rice,1.49,3.43,34883,65953,112323.55
Cotton,1.61,2.98,21436,24635,78210.64
Cotton,3.66,2.47,49632,65445,383238.21
Cotton,1.34,1.95,20438,54628,-1223.51
Maize,1.7,1.67,15199,36938,6211.96
Groundnut,2.81,2.63,59363,65623,373087.38
Wheat,2.05,3.02,43288,40496,227500.01
Soybean,1.38,3.01,56252,52900,180759.56
Cotton,1.41,1.8,53321,40595,94733.7
Rice,4.92,2.23,30679,34602,301995.72
Wheat,2.03,2.76,31565,39691,137161.38
Maize,3.43,3.08,16924,55372,123419.91
Soybean,2.74,2.49,52159,34554,321305.99
Cotton,4.27,2.34,55701,35378,521175.25
Groundnut,2.92,2.22,15617,72543,28692.64
Rice,3.71,2.2,56688,71082,391605.46
Rice,4.19,1.59,16019,56360,50360.18
Cotton,3.94,2.89,31814,27893,334360.29
Maize,2.28,2.5,46119,74193,188685.3
Cotton,1.09,3.3,49016,59320,116990.55
Sugarcane,2.28,2.37,43921,41139,196192.52
Soybean,4.72,3.01,59247,21509,820224.98
Wheat,3.98,1.84,49328,77285,283953.81
Cotton,2.42,3.21,57821,49603,399562.09
Rice,3.15,1.65,34740,48713,131848.15
Soybean,1.69,2.62,41714,72095,112606.25
Cotton,2.62,1.84,54213,59090,202260.03
Soybean,1.36,2.66,38072,76265,61464.27
Groundnut,4.96,2.8,48429,57983,614598.95
Soybean,3.45,3.25,54139,26347,580686.54
Groundnut,2.85,1.95,49694,26348,249826.41
Sugarcane,1.35,1.55,49667,34822,69106.2
Soybean,4.76,2.07,43986,52508,380894.86
Wheat,1.01,2.63,38396,28889,73102.29
Soybean,2.18,3.1,15871,47476,59780.22
Sugarcane,3.29,3.01,27162,74640,194342.57
Soybean,3.74,2.66,22279,25519,196121.4
Rice,3.64,3.25,54438,28657,615344.54
Soybean,1.79,2.11,55468,73223,136274.09
Wheat,3.29,2.48,41483,34410,304058.09
Sugarcane,2.55,1.67,40775,71629,102011.34
Cotton,4.81,2.07,25437,55912,197356.58
Sugarcane,3.19,2.58,15261,54888,70713.08
Sugarcane,1.42,3.43,27657,31686,103020.18
Sugarcane,4.16,2.52,22276,28156,205367.76
Maize,3.47,3.02,22267,39069,194275.8
Sugarcane,2.39,1.81,30418,29639,101946.23
Sugarcane,1.81,1.75,30070,71418,23828.73
Maize,2.24,1.83,37561,46431,107539.05
Cotton,1.67,1.7,43355,31624,91460.85
Sugarcane,3.99,3.07,27012,23457,307421.09
Maize,1.06,2.51,25061,33444,33233.3
Wheat,1.73,2.42,19183,63572,16739.55
Wheat,2.11,1.76,43267,43282,117394.33
Wheat,3.49,1.68,31280,60080,123320.9
Cotton,3.66,2.37,31334,26433,245364.38
Maize,3.09,1.54,59182,43875,237748.47
Cotton,4.93,3.12,39083,26914,574245.07
Sugarcane,1.6,1.7,55955,78142,74055.6
Soybean,1.91,2.36,18683,50070,34145.49
Sugarcane,3.23,2.47,56882,57185,396625.28
Groundnut,4.77,2.66,40572,23680,491105.65
Maize,2.48,1.72,20974,46984,42482.69
Maize,3.95,1.71,48331,51649,274802.74
Rice,3.62,2.97,43004,22212,440141.21
Rice,2.63,1.67,35357,74415,80876.48
Wheat,1.67,1.52,59148,27710,122431.28
Cotton,1.51,2.99,24835,38293,73834.54
Groundnut,4.98,2.36,42692,23945,477805.54
Cotton,1.16,1.84,23516,51260,-1067.45
Rice,4.77,1.65,44229,58961,289143.34
Maize,3.4,1.93,52030,70955,270465.86
Maize,3.1,2.88,28563,75807,179203.46
Cotton,4.3,3.19,58222,36717,761914.17
Cotton,2.43,2.83,33799,57707,174725.34
Wheat,3.94,1.55,15591,47293,47921.24
Groundnut,1.81,2.48,21348,72994,22832.9
Soybean,4.77,1.62,15169,28594,88622.93
Groundnut,4.37,2.98,20024,40543,220221.54
Soybean,2.96,3.31,45030,76123,365062.93
Rice,4.17,1.86,44596,68157,277738.5
Soybean,2.6,2.03,32181,50895,118956.32
Sugarcane,2.73,2.15,31935,75482,111960.48
Cotton,1.18,2.77,16625,65836,-11495.53
Cotton,2.14,2.2,48933,35466,194910.56
Soybean,3.97,2.99,42846,66823,441771.87
Groundnut,4.75,2.8,30378,27176,376851.4
Soybean,4.49,1.82,15844,64237,65237.0
Groundnut,3.61,2.76,18816,48298,139177.1
Wheat,1.94,3.45,15159,46483,54976.19
Maize,3.64,2.55,49120,55786,400145.84
Sugarcane,1.29,3.48,39260,55570,120675.99
Sugarcane,3.78,3.44,33352,52477,381205.73
Wheat,4.34,2.99,23743,62148,245955.41
Wheat,2.33,2.6,45097,50474,222723.63
Soybean,4.49,2.45,24927,57107,217102.46
Rice,1.77,1.61,17787,28822,21865.61
Sugarcane,3.45,1.65,58060,26777,303729.55
Rice,4.67,2.66,54056,66797,604697.44
Cotton,1.69,3.17,51281,61870,212857.7
Maize,4.95,2.38,15485,22935,159493.79
Sugarcane,4.95,2.37,37711,21864,420542.6
Sugarcane,2.11,1.72,36177,65619,65674.57
Groundnut,1.14,3.13,45833,40349,123192.31
Cotton,2.47,2.73,40554,68479,204980.68
Maize,2.13,1.62,54582,37800,150540.65
Rice,4.53,1.61,40145,27905,264884.53
Wheat,1.09,2.34,29820,46869,29189.89
Maize,1.2,1.79,39975,77470,8396.3
Groundnut,3.46,2.56,53942,49564,428232.66
Soybean,3.96,3.18,28574,62312,297514.67
Groundnut,2.85,2.26,56716,74221,291086.76
Soybean,3.43,2.14,51669,76912,302348.79
Wheat,4.25,1.51,47410,67371,236882.68
Wheat,1.61,2.59,26806,61939,49839.34
Sugarcane,4.56,2.39,37439,32120,375905.2
Rice,2.51,2.9,52019,52553,326093.3
Groundnut,2.72,2.1,42967,38259,207168.5
Maize,1.9,1.97,29028,75065,33586.8
Wheat,3.96,2.16,29723,26805,227433.65
Sugarcane,2.36,2.95,44015,64780,241652.43
Groundnut,4.17,3.45,49123,37590,669118.04
Cotton,1.66,3.39,34763,43445,152180.31
Groundnut,2.38,2.93,16206,30118,82892.92
Groundnut,4.96,3.15,27003,71558,350336.87
Groundnut,2.28,2.86,23011,54454,95596.13
Rice,3.91,2.58,28908,40921,250697.12
Cotton,1.69,3.27,51818,77189,209172.81
Sugarcane,3.1,2.17,45991,66978,242403.46
Groundnut,1.54,2.33,58333,58875,150435.47
Cotton,4.35,3.2,53756,23429,724854.52
Soybean,4.19,1.87,37043,41404,248839.02
Groundnut,3.03,2.19,31500,72020,137004.55
Wheat,2.94,2.97,42550,63969,307569.09
Wheat,1.21,2.04,42112,68199,35750.26
Cotton,2.38,2.13,15506,66135,12471.12
Cotton,1.42,2.59,42546,51363,105112.68
Groundnut,2.23,2.27,25456,32701,96159.82
Cotton,4.68,2.09,22195,49501,167592.73
Sugarcane,3.07,2.14,59868,47506,345814.79
Sugarcane,4.03,2.42,49098,78305,400528.15
Groundnut,4.09,1.5,27859,74246,96668.96
Wheat,2.03,2.5,32669,73832,91963.17
Cotton,2.91,2.46,34675,57586,190638.45
Soybean,3.04,2.56,19950,64274,90984.88
Soybean,4.64,1.98,20986,75952,116850.58
Soybean,4.57,2.82,27917,64153,295624.55
Cotton,4.15,3.28,52668,30287,686629.82
Wheat,3.23,3.25,46659,64662,425140.85
Wheat,3.6,1.88,46154,50051,262319.27
Cotton,3.38,3.31,31132,54337,293961.59
Groundnut,4.67,1.92,20190,25439,155592.62
Sugarcane,4.75,2.37,36839,55884,358831.04
Soybean,1.4,1.59,37683,27817,56065.36
Cotton,3.03,1.89,55025,47042,268069.67
Wheat,3.5,2.23,19954,57116,98624.97
Maize,1.59,1.62,54612,44306,96363.59
Sugarcane,2.89,2.95,45464,34184,353419.33
Rice,2.04,2.67,45268,73124,173441.74
Cotton,1.98,3.49,51383,74086,280980.81
Rice,4.19,1.73,38622,52076,227883.29
Groundnut,2.29,1.71,46806,73599,109688.62
Wheat,1.24,2.43,44808,41903,93112.47
Wheat,1.02,2.38,28395,74138,-5206.3
Soybean,1.37,1.87,28276,40342,32098.28
Maize,1.57,2.89,52098,23172,213212.26
Maize,3.95,3.49,27101,35167,338433.84
Groundnut,1.39,1.84,27250,72028,-2333.4
Rice,4.05,1.83,29742,25248,195184.83
Sugarcane,3.81,2.05,21344,40196,126511.31
Soybean,1.12,3.35,15449,79956,-21991.35
Soybean,3.11,1.8,42650,37133,201621.7
Rice,3.55,2.27,34439,66276,211250.68
Groundnut,2.77,1.73,24286,37466,78914.94
Wheat,3.33,2.53,47406,39010,360380.81
Maize,4.32,2.02,44916,55641,336313.98
Groundnut,4.89,2.05,36339,23687,340593.31
Soybean,2.37,1.52,21123,46298,29795.5
Groundnut,2.07,3.38,45256,74773,241865.13
Wheat,3.52,2.72,34202,70509,256954.63
Soybean,3.45,2.12,18984,60090,78758.98
Cotton,2.18,2.97,52247,61729,276549.43
Groundnut,1.58,1.89,16311,37764,10943.91
Wheat,2.1,2.81,38052,46847,177697.85
Groundnut,2.3,2.3,47154,23213,226231.66
Cotton,4.08,3.28,29209,55055,335831.52
Soybean,2.34,1.59,17320,69458,-5017.21
Maize,4.57,2.53,52594,35440,572657.09
Rice,2.94,2.98,15801,65687,72748.72
Wheat,4.63,3.38,38121,68897,527673.78
Sugarcane,2.94,2.41,22023,37257,118784.76
Wheat,2.58,1.82,26674,72256,52994.43
Soybean,4.77,2.94,51749,51739,673978.63
Maize,2.81,2.84,53330,28663,396931.73
Sugarcane,1.17,3.23,37560,58222,83721.0
Rice,3.33,2.55,35319,48311,251600.29
Groundnut,3.15,1.67,15909,20211,63478.29
Wheat,3.66,2.15,21521,24468,144880.75
Groundnut,2.03,1.75,21175,48884,26340.19
Wheat,1.63,2.52,26595,67048,42193.62
Groundnut,1.6,2.08,33632,63611,48316.3
Groundnut,2.22,2.9,55475,70568,286580.05
Soybean,2.67,2.59,34532,73920,164879.14
Rice,4.09,1.94,51092,25096,380298.58
Sugarcane,1.88,1.61,34383,45763,58307.46
Cotton,2.08,2.37,54165,28291,238720.78
Rice,4.61,1.84,41147,72374,276651.31
Wheat,1.05,3.15,46761,41913,112749.01
Maize,3.89,1.86,58705,38858,385896.16
Soybean,1.78,1.65,53947,36419,122023.34
Sugarcane,1.23,1.79,59328,61977,68645.46
Sugarcane,3.48,2.58,37278,67993,266703.8
Cotton,2.76,3.13,51877,73289,374866.03
Cotton,4.7,3.28,48989,22752,732462.42
Cotton,3.1,2.99,29939,76989,200515.59
Cotton,4.28,2.23,31822,52070,251651.9
Sugarcane,2.7,2.51,49704,59981,276863.01
Rice,3.83,2.03,33690,43961,217975.38
Cotton,4.75,2.6,35615,57122,382723.25
Maize,1.48,2.53,22814,53480,31944.74
Soybean,4.89,1.84,23331,38017,171906.01
Sugarcane,2.17,1.52,41718,40656,96946.65
Rice,2.14,2.83,38218,72955,158500.85
Groundnut,4.43,3.5,44452,27646,661582.26
Wheat,4.18,3.26,15293,45222,163172.65
Maize,2.03,2.51,31144,47301,111387.02
Cotton,1.75,2.8,31551,28480,126119.9
Soybean,4.07,1.87,57724,31185,408146.59
Maize,4.27,1.61,21591,44252,104179.65
Sugarcane,2.27,1.78,17965,21829,50760.38
Rice,2.96,2.23,31953,68029,142886.36
Wheat,2.53,3.33,40498,79681,261510.6
Sugarcane,2.45,1.58,43138,48232,118755.2
Sugarcane,4.81,2.61,52190,41228,613970.48
Wheat,1.57,2.73,36672,42637,114542.86
Wheat,3.14,3.01,35378,51977,282394.63
Wheat,3.2,3.05,24657,48035,192617.32
Rice,1.47,1.55,28859,39119,26636.23
Soybean,2.74,2.81,24839,41095,150150.4
Rice,2.11,1.65,47706,41138,124950.44
Groundnut,1.91,3.05,41969,32088,212402.41
Sugarcane,3.89,2.25,30837,61433,208467.84
Sugarcane,2.61,1.81,38826,23593,159824.91
Cotton,1.17,2.2,50899,65988,65026.03
Wheat,1.67,1.8,27271,36481,45495.63
Rice,2.6,1.88,32375,55103,103146.0
Sugarcane,3.52,3.34,31931,60956,314450.38
Cotton,4.32,2.2,51395,71696,416762.08
Soybean,3.95,3.39,25268,26293,312058.15
Wheat,1.7,1.53,36998,70673,25558.8
Rice,4.89,1.86,54308,74899,419053.98
Sugarcane,4.07,2.43,19784,56808,138857.74
Sugarcane,2.98,2.1,59038,78214,291245.8
Rice,4.63,2.07,55433,75072,456203.42
Cotton,3.86,2.36,28649,65561,195419.93
Rice,2.83,1.92,21839,28043,90621.39
Groundnut,3.17,3.45,37890,39634,374749.99
Wheat,2.35,1.87,47177,62073,145246.33
Wheat,1.15,3.46,40149,59941,99811.87
Maize,1.22,2.47,42778,75949,52958.23
Rice,2.5,2.25,45581,71955,184438.12
Groundnut,2.21,2.06,19800,53973,36168.48
Cotton,4.26,2.04,50818,59139,382489.75
Cotton,3.98,1.85,40688,53501,246084.74
Cotton,3.39,3.38,43115,29279,464741.29
Rice,4.21,1.67,44850,22690,292636.89
Cotton,1.65,1.8,17975,60178,-6792.25
Sugarcane,2.12,2.86,37121,64758,160314.05
Maize,3.22,2.65,22111,60742,127931.16
Sugarcane,4.16,1.55,18479,72883,46269.59
Groundnut,4.32,2.1,19217,75690,98646.62
Sugarcane,3.76,2.82,42050,71839,374025.56
Cotton,1.71,2.27,49222,42625,148440.04
Sugarcane,4.85,1.89,29494,21030,249326.75
Cotton,4.67,2.39,31514,64093,287644.21
Maize,1.68,3.34,30335,67921,102294.75
Wheat,1.29,3.46,25081,38088,73858.54
Maize,3.44,2.25,41663,64878,257593.62
Sugarcane,4.99,3.13,44602,40513,656112.26
Sugarcane,1.21,3.08,38473,53888,89493.18
Wheat,2.87,3.27,36201,68377,271365.76
Sugarcane,1.96,3.08,44118,41669,224662.54
Rice,1.58,1.74,27473,46995,28533.77
Wheat,4.9,1.91,42500,56362,341395.5
Sugarcane,4.4,3.38,30575,66884,387827.4
Soybean,3.42,2.86,40330,34063,360412.8
Rice,2.43,3.19,20899,60307,101695.78
Wheat,3.18,2.96,28082,23820,240510.25
Maize,4.65,2.21,33743,49766,296993.94
Sugarcane,4.45,2.77,28201,48555,299064.63
Rice,3.74,3.34,19806,67994,179414.63
Wheat,3.39,2.18,47372,40124,309964.55
Maize,4.0,3.47,52372,34432,692491.36
Cotton,1.89,2.02,46150,43253,132938.47
Rice,4.15,2.2,42815,27817,363083.95
Rice,1.72,3.42,55702,59651,268010.44
Wheat,3.85,2.64,46693,46447,428140.65
Soybean,4.29,1.53,15032,35986,62679.54
Groundnut,4.26,2.59,16477,79501,102296.33
Sugarcane,1.73,2.26,18463,28454,43732.64
Cotton,4.57,3.36,26118,44407,356640.11
Maize,3.55,3.31,36568,72005,357687.28
Cotton,2.57,1.84,53760,46019,208201.29
Cotton,4.14,2.15,46684,57763,357771.28
Sugarcane,2.04,2.83,33356,72826,119744.86
Cotton,3.59,3.35,58088,78365,620230.33
Cotton,3.94,3.43,39498,70312,463471.87
Wheat,4.08,3.02,27010,63692,269114.42
Groundnut,1.9,3.33,18764,56067,62652.83
Wheat,1.87,1.51,46663,22194,109568.31
Sugarcane,1.04,2.78,24223,63815,6218.54
Sugarcane,1.86,3.49,20034,56127,73921.71
Groundnut,1.62,1.6,28149,66862,6100.21
Sugarcane,1.71,3.04,45848,44419,193917.24
Groundnut,3.94,2.07,32343,65489,198294.04
Cotton,4.25,2.01,56141,36668,442916.49
Cotton,2.93,2.34,50807,37144,311198.95
Maize,3.71,1.94,52767,29363,350422.21
Wheat,1.03,2.51,44910,32019,84086.82
Soybean,2.02,3.47,32807,24149,205808.39
Maize,4.97,2.17,41630,45537,403438.39
Wheat,2.76,2.96,23901,27731,167530.61
Groundnut,1.39,2.18,35895,42391,66378.03
Soybean,4.12,2.62,18378,74325,124054.48
Rice,3.98,3.25,34752,61642,387875.12
Wheat,1.3,3.17,19423,49949,30093.18
Cotton,2.89,2.44,18049,50561,76713.33
Maize,2.79,2.0,38587,41188,174127.46
Sugarcane,3.96,2.97,18912,51334,171093.81
Rice,4.75,2.09,39700,61024,333097.75
Wheat,2.4,2.94,52498,66357,304068.89
Maize,2.64,2.48,36436,29496,209057.78
Rice,4.85,2.17,41080,78246,354100.46
Soybean,1.4,3.13,26705,39122,77899.31
Cotton,1.79,3.13,59782,20382,314558.61
Wheat,2.74,2.12,49329,74155,212387.3
Rice,3.62,1.68,21811,42917,89728.78
Soybean,3.05,2.96,58878,34344,497206.58
Soybean,4.9,2.13,27012,29077,252847.24
Groundnut,2.66,2.11,49024,41767,233385.1
Maize,2.5,2.54,42732,73785,197563.2
Groundnut,3.76,2.01,21251,53218,107388.56
Cotton,1.26,1.69,16668,71147,-35654.16
Soybean,3.37,3.37,19288,34351,184700.89
Cotton,1.19,2.46,28406,39760,43395.72
Maize,2.37,1.88,46446,31317,175627.8
Soybean,1.45,1.8,45936,39725,80167.96
Wheat,4.48,3.16,56172,55362,739853.77
Soybean,4.36,2.25,19969,25299,170596.89
Maize,2.54,3.1,31653,78747,170488.72
Rice,3.56,2.86,19145,28698,166228.73
Wheat,4.42,1.8,21053,35932,131565.67
Wheat,3.65,1.82,36037,70935,168458.79
Groundnut,4.33,2.85,51543,30487,605579.39
Sugarcane,3.44,3.28,48737,62959,486950.32
Rice,2.23,2.14,27766,72416,60088.91
Cotton,4.47,2.17,30643,60603,236631.04
Cotton,1.2,2.18,45426,25381,93453.42
Rice,4.11,2.23,49984,73919,384199.36
Soybean,3.5,2.06,20758,77574,72091.18
Maize,1.24,2.99,56167,79708,128536.77
Cotton,2.04,1.88,21920,58229,25838.58
Sugarcane,2.63,3.29,47880,38781,375510.28
Cotton,1.84,2.8,29482,27425,124466.26
Soybean,2.15,1.85,56410,33071,191299.77
Cotton,2.68,2.93,53287,33354,385076.84
Rice,4.64,1.92,58919,47425,477472.59
Soybean,4.03,1.86,24277,65037,116938.54
Groundnut,1.88,2.96,17007,27025,67615.55
Groundnut,2.78,3.25,52782,48935,427950.37
Groundnut,3.28,2.91,53983,40336,474920.94
Rice,2.7,1.71,55332,38083,217384.84
Maize,3.76,1.68,23022,61018,84407.37
Soybean,3.22,3.42,16427,60284,120616.69
Soybean,1.57,2.83,44663,70316,128126.18
Soybean,3.83,3.14,18101,31129,186557.25
Maize,1.56,3.29,54410,69395,209858.88
Wheat,2.8,2.46,59467,41716,367892.7
Rice,1.13,2.88,34640,75459,37273.42
Groundnut,3.9,2.46,25491,50149,194411.65
Cotton,2.84,2.06,48059,60466,220698.37
Cotton,4.03,1.63,41839,62504,212332.21
Groundnut,3.16,2.28,16378,73960,44040.21
Sugarcane,1.32,3.38,54479,35957,207106.51
Groundnut,3.89,1.64,27188,54206,119242.56
Maize,2.13,2.27,35425,52344,118939.42
Maize,1.38,2.55,25146,27634,60854.77
Sugarcane,2.34,3.13,19118,62663,77361.06
Groundnut,1.05,1.61,40903,45578,23568.52
Groundnut,3.99,1.81,59035,39097,387247.87
Rice,3.23,2.49,31011,32479,216933.17
Maize,1.76,1.58,37070,67653,35431.26
Groundnut,2.2,2.96,37187,56705,185456.74
Sugarcane,1.8,3.49,21956,72027,65900.59
Rice,3.83,3.31,48939,79784,540630.38
Cotton,2.69,3.27,44447,66327,324642.15
Cotton,4.21,2.68,17429,39966,156681.92
Wheat,4.44,2.47,20603,38818,187130.98
Sugarcane,2.27,2.43,48790,57040,212090.52
Maize,4.4,2.17,38490,63267,304235.52
Cotton,3.0,3.13,18320,24053,147971.8
Groundnut,3.85,2.94,17423,55684,141526.94
Soybean,4.01,1.85,43090,71536,248127.16
Sugarcane,1.06,3.27,52898,41153,142202.05
Cotton,1.24,3.4,54869,48599,182728.7
Maize,4.57,2.65,28058,63333,276463.41
Wheat,2.3,3.37,51714,26764,374071.21
Cotton,2.92,2.35,54703,27558,347813.99
Rice,3.43,2.56,33178,59793,231536.38
Rice,4.9,3.34,21064,24979,319754.42
Maize,1.55,1.85,25949,39196,35212.76
Wheat,2.45,3.47,22083,37931,149807.62
